Name,Time,Picture
,2019-07-17 11;04;44.417377 (155525661).jpg,check faces/2019-07-17 11;04;44.417377 (155525661).jpg
,2019-07-17 11;04;44.732536 (279814221).jpg,check faces/2019-07-17 11;04;44.732536 (279814221).jpg
,2019-07-17 11;25;42.354293 (275749886).jpg,check faces/2019-07-17 11;25;42.354293 (275749886).jpg
,2019-07-17 11;25;42.946568 (463238727).jpg,check faces/2019-07-17 11;25;42.946568 (463238727).jpg
,2019-07-17 12;37;54.460437 (998432630).jpg,check faces/2019-07-17 12;37;54.460437 (998432630).jpg
,2019-07-17 12;37;54.871133 (436304498).jpg,check faces/2019-07-17 12;37;54.871133 (436304498).jpg
,2019-07-17 13;23;09.958812 (161728727).jpg,check faces/2019-07-17 13;23;09.958812 (161728727).jpg
,2019-07-17 13;23;10.257066 (718440328).jpg,check faces/2019-07-17 13;23;10.257066 (718440328).jpg
,2019-07-17 13;23;10.558743 (678732567).jpg,check faces/2019-07-17 13;23;10.558743 (678732567).jpg
